OCC_TITLE,TOT_EMP,H_MEAN,A_MEAN
All Occupations,"151,853,870",31.48,"65,470"
Management Occupations,"10,495,770",66.23,"137,750"
Top Executives,"3,751,510",65.43,"136,100"
Chief Executives,"211,230",124.47,"258,900"
Chief Executives,"211,230",124.47,"258,900"
General and Operations Managers,"3,507,810",62.18,"129,330"
General and Operations Managers,"3,507,810",62.18,"129,330"
Legislators,"32,460",*,"68,140"
Legislators,"32,460",*,"68,140"
"Advertising, Marketing, Promotions, Public Relations, and Sales Managers","1,070,030",76.90,"159,960"
Advertising and Promotions Managers,"20,630",73.38,"152,620"
Advertising and Promotions Managers,"20,630",73.38,"152,620"
Marketing and Sales Managers,"944,820",77.43,"161,040"
Marketing Managers,"368,940",80.00,"166,410"
Sales Managers,"575,880",75.77,"157,610"
Public Relations and Fundraising Managers,"104,570",72.87,"151,570"
Public Relations Managers,"72,760",76.65,"159,420"
Fundraising Managers,"31,810",64.24,"133,620"
Operations Specialties Managers,"2,513,900",74.59,"155,150"
Administrative Services and Facilities Managers,"373,920",56.56,"117,650"
Administrative Services Managers,"242,520",58.27,"121,200"
Facilities Managers,"131,400",53.42,"111,110"
Computer and Information Systems Managers,"592,600",86.88,"180,720"
Computer and Information Systems Managers,"592,600",86.88,"180,720"
Financial Managers,"787,340",84.05,"174,820"
Financial Managers,"787,340",84.05,"174,820"
Industrial Production Managers,"222,890",60.53,"125,900"
Industrial Production Managers,"222,890",60.53,"125,900"
Purchasing Managers,"77,530",70.53,"146,710"
Purchasing Managers,"77,530",70.53,"146,710"
"Transportation, Storage, and Distribution Managers","198,780",53.79,"111,870"
"Transportation, Storage, and Distribution Managers","198,780",53.79,"111,870"
Compensation and Benefits Managers,"18,690",72.57,"150,940"
Compensation and Benefits Managers,"18,690",72.57,"150,940"
Human Resources Managers,"200,600",74.39,"154,740"
Human Resources Managers,"200,600",74.39,"154,740"
Training and Development Managers,"41,540",66.56,"138,450"
Training and Development Managers,"41,540",66.56,"138,450"
Other Management Occupations,"3,160,340",56.91,"118,370"
"Farmers, Ranchers, and Other Agricultural Managers","6,150",43.35,"90,160"
"Farmers, Ranchers, and Other Agricultural Managers","6,150",43.35,"90,160"
Construction Managers,"329,190",56.23,"116,960"
Construction Managers,"329,190",56.23,"116,960"
Education and Childcare Administrators,"584,630",51.84,"107,830"
"Education and Childcare Administrators, Preschool and Daycare","64,090",29.48,"61,320"
"Education Administrators, Kindergarten through Secondary","302,580",*,"111,020"
"Education Administrators, Postsecondary","167,270",58.66,"122,010"
"Education Administrators, All Other","50,690",48.42,"100,720"
Architectural and Engineering Managers,"207,800",82.83,"172,290"
Architectural and Engineering Managers,"207,800",82.83,"172,290"
Food Service Managers,"246,070",33.45,"69,580"
Food Service Managers,"246,070",33.45,"69,580"
Entertainment and Recreation Managers,"34,290",41.34,"85,980"
Gambling Managers,"4,590",47.24,"98,270"
"Entertainment and Recreation Managers, Except Gambling","29,690",40.42,"84,080"
Lodging Managers,"41,980",36.92,"76,790"
Lodging Managers,"41,980",36.92,"76,790"
Medical and Health Services Managers,"515,100",64.64,"134,440"
Medical and Health Services Managers,"515,100",64.64,"134,440"
Natural Sciences Managers,"96,520",81.31,"169,120"
Natural Sciences Managers,"96,520",81.31,"169,120"
Postmasters and Mail Superintendents,"13,810",43.16,"89,770"
Postmasters and Mail Superintendents,"13,810",43.16,"89,770"
"Property, Real Estate, and Community Association Managers","284,120",37.69,"78,400"
"Property, Real Estate, and Community Association Managers","284,120",37.69,"78,400"
Social and Community Service Managers,"173,650",40.10,"83,400"
Social and Community Service Managers,"173,650",40.10,"83,400"
Emergency Management Directors,"11,910",45.05,"93,690"
Emergency Management Directors,"11,910",45.05,"93,690"
Personal Service Managers,"25,370",36.15,"75,190"
Funeral Home Managers,"14,200",40.77,"84,800"
"Personal Service Managers, All Other","11,170",30.28,"62,980"
Miscellaneous Managers,"589,750",70.35,"146,320"
"Managers, All Other","589,750",70.35,"146,320"
Business and Financial Operations Occupations,"10,087,830",43.55,"90,580"
Business Operations Specialists,"7,048,350",42.33,"88,040"
"Agents and Business Managers of Artists, Performers, and Athletes","12,870",63.85,"132,810"
"Agents and Business Managers of Artists, Performers, and Athletes","12,870",63.85,"132,810"
Buyers and Purchasing Agents,"477,980",37.43,"77,850"
Buyers and Purchasing Agents,"477,980",37.43,"77,850"
"Claims Adjusters, Appraisers, Examiners, and Investigators","302,450",36.43,"75,760"
"Claims Adjusters, Examiners, and Investigators","293,780",36.43,"75,770"
"Insurance Appraisers, Auto Damage","8,670",36.37,"75,660"
Compliance Officers,"383,620",38.55,"80,190"
Compliance Officers,"383,620",38.55,"80,190"
Cost Estimators,"220,970",38.23,"79,520"
Cost Estimators,"220,970",38.23,"79,520"
Human Resources Workers,"959,230",37.15,"77,260"
Human Resources Specialists,"895,970",36.57,"76,060"
Farm Labor Contractors,460,24.71,"51,400"
Labor Relations Specialists,"62,800",45.49,"94,620"
Logisticians and Project Management Specialists,"1,176,100",48.55,"100,980"
Logisticians,"228,470",40.69,"84,640"
Project Management Specialists,"947,630",50.44,"104,920"
Management Analysts,"838,140",55.54,"115,530"
Management Analysts,"838,140",55.54,"115,530"
"Meeting, Convention, and Event Planners","122,130",29.94,"62,280"
"Meeting, Convention, and Event Planners","122,130",29.94,"62,280"
Fundraisers,"101,730",34.02,"70,760"
Fundraisers,"101,730",34.02,"70,760"
"Compensation, Benefits, and Job Analysis Specialists","99,850",38.76,"80,620"
"Compensation, Benefits, and Job Analysis Specialists","99,850",38.76,"80,620"
Training and Development Specialists,"403,480",34.60,"71,980"
Training and Development Specialists,"403,480",34.60,"71,980"
Market Research Analysts and Marketing Specialists,"846,370",40.00,"83,190"
Market Research Analysts and Marketing Specialists,"846,370",40.00,"83,190"
Miscellaneous Business Operations Specialists,"1,103,440",42.85,"89,130"
"Business Operations Specialists, All Other","1,103,440",42.85,"89,130"
Financial Specialists,"3,039,480",46.37,"96,460"
Accountants and Auditors,"1,435,770",43.65,"90,780"
Accountants and Auditors,"1,435,770",43.65,"90,780"
Property Appraisers and Assessors,"62,090",36.59,"76,110"
Property Appraisers and Assessors,"62,090",36.59,"76,110"
Budget Analysts,"47,310",43.69,"90,880"
Budget Analysts,"47,310",43.69,"90,880"
Credit Analysts,"73,200",45.56,"94,750"
Credit Analysts,"73,200",45.56,"94,750"
Financial Analysts and Advisors,"753,990",59.29,"123,330"
Financial and Investment Analysts,"325,220",54.30,"112,950"
Personal Financial Advisors,"272,190",72.44,"150,670"
Insurance Underwriters,"101,310",41.16,"85,610"
Financial Risk Specialists,"55,290",57.19,"118,950"
Financial Examiners,"63,440",47.18,"98,140"
Financial Examiners,"63,440",47.18,"98,140"
Credit Counselors and Loan Officers,"349,040",39.43,"82,000"
Credit Counselors,"27,950",25.69,"53,440"
Loan Officers,"321,090",40.62,"84,490"
"Tax Examiners, Collectors and Preparers, and Revenue Agents","131,910",29.28,"60,900"
"Tax Examiners and Collectors, and Revenue Agents","50,250",31.43,"65,370"
Tax Preparers,"81,650",27.96,"58,160"
Miscellaneous Financial Specialists,"122,730",43.10,"89,650"
"Financial Specialists, All Other","122,730",43.10,"89,650"
Computer and Mathematical Occupations,"5,177,400",54.39,"113,140"
Computer Occupations,"4,804,840",54.46,"113,270"
Computer and Information Analysts,"674,170",55.01,"114,420"
Computer Systems Analysts,"498,810",53.27,"110,800"
Information Security Analysts,"175,350",59.97,"124,740"
Computer and Information Research Scientists,"35,210",75.56,"157,160"
Computer and Information Research Scientists,"35,210",75.56,"157,160"
Computer Support Specialists,"848,420",31.95,"66,450"
Computer Network Support Specialists,"158,720",37.81,"78,640"
Computer User Support Specialists,"689,700",30.60,"63,640"
Database and Network Administrators and Architects,"633,180",54.67,"113,710"
Computer Network Architects,"174,100",64.39,"133,930"
Database Administrators,"76,140",50.39,"104,810"
Database Architects,"59,920",65.88,"137,030"
Network and Computer Systems Administrators,"323,020",48.36,"100,580"
"Software and Web Developers, Programmers, and Testers","2,176,710",62.74,"130,500"
Computer Programmers,"120,370",51.80,"107,750"
Software Developers,"1,656,880",66.40,"138,110"
Software Quality Assurance Analysts and Testers,"203,040",52.15,"108,460"
Web Developers,"85,350",45.95,"95,570"
Web and Digital Interface Designers,"111,060",52.32,"108,820"
Miscellaneous Computer Occupations,"437,170",54.05,"112,430"
"Computer Occupations, All Other","437,170",54.05,"112,430"
Mathematical Science Occupations,"372,550",53.53,"111,340"
Actuaries,"25,470",63.70,"132,500"
Actuaries,"25,470",63.70,"132,500"
Mathematicians,"2,220",57.58,"119,770"
Mathematicians,"2,220",57.58,"119,770"
Operations Research Analysts,"117,880",45.96,"95,600"
Operations Research Analysts,"117,880",45.96,"95,600"
Statisticians,"29,950",52.50,"109,190"
Statisticians,"29,950",52.50,"109,190"
Data Scientists,"192,710",57.23,"119,040"
Data Scientists,"192,710",57.23,"119,040"
Miscellaneous Mathematical Science Occupations,"4,320",40.06,"83,330"
"Mathematical Science Occupations, All Other","4,320",40.06,"83,330"
Architecture and Engineering Occupations,"2,539,660",47.64,"99,090"
"Architects, Surveyors, and Cartographers","194,610",43.48,"90,430"
"Architects, Except Naval","131,540",47.05,"97,860"
"Architects, Except Landscape and Naval","111,170",48.27,"100,400"
Landscape Architects,"20,370",40.38,"83,990"
"Surveyors, Cartographers, and Photogrammetrists","63,070",36.03,"74,940"
Cartographers and Photogrammetrists,"12,330",37.89,"78,810"
Surveyors,"50,740",35.58,"74,000"
Engineers,"1,703,700",53.79,"111,890"
Aerospace Engineers,"66,660",64.58,"134,330"
Aerospace Engineers,"66,660",64.58,"134,330"
Agricultural Engineers,"1,860",44.95,"93,490"
Agricultural Engineers,"1,860",44.95,"93,490"
Bioengineers and Biomedical Engineers,"19,320",51.30,"106,700"
Bioengineers and Biomedical Engineers,"19,320",51.30,"106,700"
Chemical Engineers,"21,140",59.09,"122,910"
Chemical Engineers,"21,140",59.09,"122,910"
Civil Engineers,"327,950",48.64,"101,160"
Civil Engineers,"327,950",48.64,"101,160"
Computer Hardware Engineers,"82,660",71.04,"147,770"
Computer Hardware Engineers,"82,660",71.04,"147,770"
Electrical and Electronics Engineers,"281,840",57.65,"119,910"
Electrical Engineers,"185,430",56.58,"117,680"
"Electronics Engineers, Except Computer","96,410",59.71,"124,190"
Environmental Engineers,"39,880",50.89,"105,840"
Environmental Engineers,"39,880",50.89,"105,840"
"Industrial Engineers, Including Health and Safety","355,380",49.76,"103,510"
"Health and Safety Engineers, Except Mining Safety Engineers and Inspectors","22,510",52.28,"108,740"
Industrial Engineers,"332,870",49.59,"103,150"
Marine Engineers and Naval Architects,"9,960",51.98,"108,110"
Marine Engineers and Naval Architects,"9,960",51.98,"108,110"
Materials Engineers,"24,630",53.09,"110,430"
Materials Engineers,"24,630",53.09,"110,430"
Mechanical Engineers,"281,290",50.59,"105,220"
Mechanical Engineers,"281,290",50.59,"105,220"
"Mining and Geological Engineers, Including Mining Safety Engineers","7,040",50.70,"105,460"
"Mining and Geological Engineers, Including Mining Safety Engineers","7,040",50.70,"105,460"
Nuclear Engineers,"12,710",61.03,"126,950"
Nuclear Engineers,"12,710",61.03,"126,950"
Petroleum Engineers,"20,390",71.44,"148,590"
Petroleum Engineers,"20,390",71.44,"148,590"
Miscellaneous Engineers,"150,990",56.90,"118,350"
"Engineers, All Other","150,990",56.90,"118,350"
"Drafters, Engineering Technicians, and Mapping Technicians","641,350",32.55,"67,700"
Drafters,"193,180",32.13,"66,840"
Architectural and Civil Drafters,"111,070",31.25,"65,000"
Electrical and Electronics Drafters,"20,680",35.15,"73,110"
Mechanical Drafters,"44,850",33.62,"69,920"
"Drafters, All Other","16,580",30.28,"62,980"
"Engineering Technologists and Technicians, Except Drafters","392,120",33.69,"70,080"
Aerospace Engineering and Operations Technologists and Technicians,"10,640",39.08,"81,280"
Civil Engineering Technologists and Technicians,"63,560",30.66,"63,770"
Electrical and Electronic Engineering Technologists and Technicians,"97,420",35.79,"74,440"
Electro-Mechanical and Mechatronics Technologists and Technicians,"15,360",34.82,"72,430"
Environmental Engineering Technologists and Technicians,"13,780",28.26,"58,780"
Industrial Engineering Technologists and Technicians,"73,020",32.04,"66,640"
Mechanical Engineering Technologists and Technicians,"38,930",32.69,"67,990"
Calibration Technologists and Technicians,"13,220",32.39,"67,360"
"Engineering Technologists and Technicians, Except Drafters, All Other","66,200",36.20,"75,290"
Surveying and Mapping Technicians,"56,050",26.00,"54,090"
Surveying and Mapping Technicians,"56,050",26.00,"54,090"
"Life, Physical, and Social Science Occupations","1,389,430",42.24,"87,870"
Life Scientists,"352,000",48.38,"100,630"
Agricultural and Food Scientists,"32,360",39.87,"82,930"
Animal Scientists,"2,460",43.01,"89,450"
Food Scientists and Technologists,"14,100",42.48,"88,350"
Soil and Plant Scientists,"15,800",37.06,"77,080"
Biological Scientists,"133,050",48.29,"100,440"
Biochemists and Biophysicists,"33,180",57.84,"120,310"
Microbiologists,"21,540",44.89,"93,380"
Zoologists and Wildlife Biologists,"17,100",36.41,"75,740"
"Biological Scientists, All Other","61,220",47.62,"99,060"
Conservation Scientists and Foresters,"32,240",34.82,"72,430"
Conservation Scientists,"22,790",35.17,"73,160"
Foresters,"9,450",33.98,"70,680"
Medical Scientists,"146,850",53.29,"110,850"
Epidemiologists,"10,230",43.48,"90,430"
"Medical Scientists, Except Epidemiologists","136,620",54.03,"112,380"
Miscellaneous Life Scientists,"7,490",48.81,"101,520"
"Life Scientists, All Other","7,490",48.81,"101,520"
Physical Scientists,"254,410",48.61,"101,110"
Astronomers and Physicists,"20,430",74.66,"155,280"
Astronomers,"2,080",61.99,"128,940"
Physicists,"18,350",76.09,"158,270"
Atmospheric and Space Scientists,"9,310",48.81,"101,530"
Atmospheric and Space Scientists,"9,310",48.81,"101,530"
Chemists and Materials Scientists,"92,350",46.72,"97,170"
Chemists,"83,530",45.94,"95,560"
Materials Scientists,"8,810",54.06,"112,440"
Environmental Scientists and Geoscientists,"111,500",43.78,"91,060"
"Environmental Scientists and Specialists, Including Health","80,730",41.69,"86,710"
"Geoscientists, Except Hydrologists and Geographers","24,620",50.00,"104,000"
Hydrologists,"6,150",46.35,"96,410"
Miscellaneous Physical Scientists,"20,820",57.24,"119,050"
"Physical Scientists, All Other","20,820",57.24,"119,050"
Social Scientists and Related Workers,"273,230",47.72,"99,260"
Economists,"16,420",63.78,"132,650"
Economists,"16,420",63.78,"132,650"
Survey Researchers,"8,190",32.05,"66,670"
Survey Researchers,"8,190",32.05,"66,670"
Psychologists,"150,030",48.64,"101,170"
Industrial-Organizational Psychologists,"1,030",74.22,"154,380"
Clinical and Counseling Psychologists,"71,730",51.25,"106,600"
School Psychologists,"62,790",44.22,"91,990"
"Psychologists, All Other","14,480",53.03,"110,300"
Sociologists,"2,890",51.31,"106,710"
Sociologists,"2,890",51.31,"106,710"
Urban and Regional Planners,"42,690",41.32,"85,940"
Urban and Regional Planners,"42,690",41.32,"85,940"
Miscellaneous Social Scientists and Related Workers,"53,010",47.53,"98,860"
Anthropologists and Archeologists,"7,720",33.55,"69,780"
Geographers,"1,460",44.45,"92,460"
Historians,"3,040",36.60,"76,120"
Political Scientists,"5,580",63.47,"132,020"
"Social Scientists and Related Workers, All Other","35,210",49.14,"102,210"
"Life, Physical, and Social Science Technicians","360,210",28.83,"59,970"
Agricultural and Food Science Technicians,"28,340",24.36,"50,660"
Agricultural Technicians,"13,150",22.50,"46,810"
Food Science Technicians,"15,190",25.96,"54,000"
Biological Technicians,"76,990",27.18,"56,540"
Biological Technicians,"76,990",27.18,"56,540"
Chemical Technicians,"55,880",29.29,"60,920"
Chemical Technicians,"55,880",29.29,"60,920"
Environmental Science and Geoscience Technicians,"44,240",28.45,"59,170"
"Environmental Science and Protection Technicians, Including Health","32,390",27.63,"57,470"
"Geological Technicians, Except Hydrologic Technicians","8,860",31.05,"64,590"
Hydrologic Technicians,"3,000",29.57,"61,500"
Nuclear Technicians,"5,400",46.88,"97,520"
Nuclear Technicians,"5,400",46.88,"97,520"
Social Science Research Assistants,"30,890",29.99,"62,370"
Social Science Research Assistants,"30,890",29.99,"62,370"
Forest and Conservation Technicians,"28,740",26.09,"54,260"
Forest and Conservation Technicians,"28,740",26.09,"54,260"
"Miscellaneous Life, Physical, and Social Science Technicians","89,740",30.95,"64,380"
Forensic Science Technicians,"17,520",34.40,"71,540"
"Life, Physical, and Social Science Technicians, All Other","72,230",30.12,"62,640"
Occupational Health and Safety Specialists and Technicians,"149,570",39.27,"81,690"
Occupational Health and Safety Specialists and Technicians,"149,570",39.27,"81,690"
Occupational Health and Safety Specialists,"122,300",41.14,"85,570"
Occupational Health and Safety Technicians,"27,270",30.89,"64,250"
Community and Social Service Occupations,"2,418,130",28.36,"58,980"
"Counselors, Social Workers, and Other Community and Social Service Specialists","2,326,360",28.32,"58,910"
Counselors,"909,190",29.71,"61,790"
"Educational, Guidance, and Career Counselors and Advisors","327,660",32.21,"66,990"
Marriage and Family Therapists,"63,340",33.04,"68,730"
Rehabilitation Counselors,"84,750",23.28,"48,430"
"Substance Abuse, Behavioral Disorder, and Mental Health Counselors","397,880",28.89,"60,080"
"Counselors, All Other","35,580",25.17,"52,360"
Social Workers,"710,320",30.23,"62,880"
"Child, Family, and School Social Workers","352,160",28.46,"59,190"
Healthcare Social Workers,"185,020",32.42,"67,430"
Mental Health and Substance Abuse Social Workers,"114,680",30.71,"63,870"
"Social Workers, All Other","58,460",33.08,"68,800"
Miscellaneous Community and Social Service Specialists,"706,840",24.62,"51,210"
Health Education Specialists,"57,800",33.55,"69,790"
Probation Officers and Correctional Treatment Specialists,"85,870",32.64,"67,880"
Social and Human Service Assistants,"409,310",21.27,"44,240"
Community Health Workers,"58,550",25.30,"52,610"
"Community and Social Service Specialists, All Other","95,310",25.97,"54,020"
Religious Workers,"91,770",29.23,"60,800"
Clergy,"56,640",30.64,"63,720"
Clergy,"56,640",30.64,"63,720"
"Directors, Religious Activities and Education","23,270",29.68,"61,740"
"Directors, Religious Activities and Education","23,270",29.68,"61,740"
Miscellaneous Religious Workers,"11,870",21.66,"45,050"
"Religious Workers, All Other","11,870",21.66,"45,050"
Legal Occupations,"1,240,630",64.34,"133,820"
"Lawyers, Judges, and Related Workers","792,220",82.44,"171,480"
Lawyers and Judicial Law Clerks,"746,020",83.79,"174,280"
Lawyers,"731,340",84.84,"176,470"
Judicial Law Clerks,"14,680",31.19,"64,880"
"Judges, Magistrates, and Other Judicial Workers","46,200",60.71,"126,270"
"Administrative Law Judges, Adjudicators, and Hearing Officers","14,670",57.67,"119,940"
"Arbitrators, Mediators, and Conciliators","7,060",45.85,"95,370"
"Judges, Magistrate Judges, and Magistrates","24,470",66.83,"139,000"
Legal Support Workers,"448,410",32.35,"67,290"
Paralegals and Legal Assistants,"354,890",31.95,"66,460"
Paralegals and Legal Assistants,"354,890",31.95,"66,460"
Miscellaneous Legal Support Workers,"93,520",33.87,"70,440"
"Title Examiners, Abstractors, and Searchers","49,760",28.58,"59,440"
"Legal Support Workers, All Other","43,760",39.89,"82,960"
Educational Instruction and Library Occupations,"8,744,560",31.92,"66,400"
Postsecondary Teachers,"1,394,110",*,"101,750"
"Business Teachers, Postsecondary","82,980",*,"113,240"
"Business Teachers, Postsecondary","82,980",*,"113,240"
"Math and Computer Science Teachers, Postsecondary","84,380",*,"100,060"
"Computer Science Teachers, Postsecondary","36,150",*,"106,380"
"Mathematical Science Teachers, Postsecondary","48,230",*,"95,320"
"Engineering and Architecture Teachers, Postsecondary","46,710",*,"119,600"
"Architecture Teachers, Postsecondary","8,350",*,"114,900"
"Engineering Teachers, Postsecondary","38,370",*,"120,630"
"Life Sciences Teachers, Postsecondary","60,860",*,"101,440"
"Agricultural Sciences Teachers, Postsecondary","7,550",*,"95,610"
"Biological Science Teachers, Postsecondary","52,050",*,"102,270"
"Forestry and Conservation Science Teachers, Postsecondary","1,260",*,"102,230"
"Physical Sciences Teachers, Postsecondary","53,130",*,"105,600"
"Atmospheric, Earth, Marine, and Space Sciences Teachers, Postsecondary","11,770",*,"111,930"
"Chemistry Teachers, Postsecondary","20,210",*,"102,630"
"Environmental Science Teachers, Postsecondary","7,120",*,"100,910"
"Physics Teachers, Postsecondary","14,030",*,"106,950"
"Social Sciences Teachers, Postsecondary","119,750",*,"100,790"
"Anthropology and Archeology Teachers, Postsecondary","5,030",*,"103,640"
"Area, Ethnic, and Cultural Studies Teachers, Postsecondary","11,570",*,"100,390"
"Economics Teachers, Postsecondary","12,210",*,"133,650"
"Geography Teachers, Postsecondary","3,480",*,"97,660"
"Political Science Teachers, Postsecondary","17,090",*,"104,910"
"Psychology Teachers, Postsecondary","40,610",*,"93,990"
"Sociology Teachers, Postsecondary","12,870",*,"97,580"
"Social Sciences Teachers, Postsecondary, All Other","16,900",*,"91,710"
"Health Teachers, Postsecondary","298,060",*,"122,760"
"Health Specialties Teachers, Postsecondary","225,360",*,"134,440"
"Nursing Instructors and Teachers, Postsecondary","72,700",*,"86,530"
"Education and Library Science Teachers, Postsecondary","65,090",*,"81,230"
"Education Teachers, Postsecondary","60,860",*,"80,750"
"Library Science Teachers, Postsecondary","4,220",*,"88,190"
"Law, Criminal Justice, and Social Work Teachers, Postsecondary","39,700",*,"104,340"
"Criminal Justice and Law Enforcement Teachers, Postsecondary","13,390",*,"83,470"
"Law Teachers, Postsecondary","14,570",*,"142,440"
"Social Work Teachers, Postsecondary","11,730",*,"80,840"
"Arts, Communications, History, and Humanities Teachers, Postsecondary","249,370",*,"93,950"
"Art, Drama, and Music Teachers, Postsecondary","101,500",*,"100,840"
"Communications Teachers, Postsecondary","28,520",*,"90,950"
"English Language and Literature Teachers, Postsecondary","57,600",*,"87,090"
"Foreign Language and Literature Teachers, Postsecondary","20,820",*,"88,490"
"History Teachers, Postsecondary","20,610",*,"93,120"
"Philosophy and Religion Teachers, Postsecondary","20,320",*,"89,680"
Miscellaneous Postsecondary Teachers,"294,080",*,"85,400"
"Family and Consumer Sciences Teachers, Postsecondary","2,660",*,"89,630"
"Recreation and Fitness Studies Teachers, Postsecondary","13,270",*,"87,340"
"Career/Technical Education Teachers, Postsecondary","111,180",32.84,"68,300"
"Postsecondary Teachers, All Other","166,980",*,"96,570"
"Preschool, Elementary, Middle, Secondary, and Special Education Teachers","4,261,430",*,"68,890"
Preschool and Kindergarten Teachers,"548,820",22.65,"47,110"
"Preschool Teachers, Except Special Education","430,240",19.91,"41,410"
"Kindergarten Teachers, Except Special Education","118,580",*,"67,790"
Elementary and Middle School Teachers,"2,048,970",*,"70,950"
"Elementary School Teachers, Except Special Education","1,410,070",*,"70,740"
"Middle School Teachers, Except Special and Career/Technical Education","626,690",*,"71,460"
"Career/Technical Education Teachers, Middle School","12,210",*,"69,020"
Secondary School Teachers,"1,135,230",*,"73,570"
"Secondary School Teachers, Except Special and Career/Technical Education","1,045,170",*,"73,800"
"Career/Technical Education Teachers, Secondary School","90,070",*,"70,810"
Special Education Teachers,"528,400",*,"73,520"
"Special Education Teachers, Preschool","24,850",*,"76,420"
"Special Education Teachers, Kindergarten and Elementary School","212,850",*,"71,770"
"Special Education Teachers, Middle School","88,850",*,"73,630"
"Special Education Teachers, Secondary School","158,150",*,"74,670"
"Special Education Teachers, All Other","43,700",*,"76,000"
Other Teachers and Instructors,"1,034,120",24.35,"50,650"
"Adult Basic Education, Adult Secondary Education, and English as a Second Language Instructors","36,890",31.46,"65,430"
"Adult Basic Education, Adult Secondary Education, and English as a Second Language Instructors","36,890",31.46,"65,430"
Self-Enrichment Teachers,"272,110",25.43,"52,890"
Self-Enrichment Teachers,"272,110",25.43,"52,890"
"Substitute Teachers, Short-Term","444,530",20.95,"43,570"
"Substitute Teachers, Short-Term","444,530",20.95,"43,570"
Tutors,"162,300",23.36,"48,580"
Tutors,"162,300",23.36,"48,580"
Miscellaneous Teachers and Instructors,"118,290",*,"70,340"
"Teachers and Instructors, All Other","118,290",*,"70,340"
"Librarians, Curators, and Archivists","242,750",28.69,"59,680"
"Archivists, Curators, and Museum Technicians","32,330",30.51,"63,460"
Archivists,"7,150",31.59,"65,700"
Curators,"12,510",34.07,"70,870"
Museum Technicians and Conservators,"12,670",26.39,"54,890"
Librarians and Media Collections Specialists,"133,760",32.97,"68,570"
Librarians and Media Collections Specialists,"133,760",32.97,"68,570"
Library Technicians,"76,670",20.46,"42,570"
Library Technicians,"76,670",20.46,"42,570"
Other Educational Instruction and Library Occupations,"1,812,160",*,"43,220"
Farm and Home Management Educators,"8,110",29.53,"61,430"
Farm and Home Management Educators,"8,110",29.53,"61,430"
Instructional Coordinators,"207,270",37.12,"77,200"
Instructional Coordinators,"207,270",37.12,"77,200"
Teaching Assistants,"1,483,280",*,"37,470"
"Teaching Assistants, Postsecondary","145,960",*,"47,030"
"Teaching Assistants, Except Postsecondary","1,337,320",*,"36,430"
Miscellaneous Educational Instruction and Library Workers,"113,490",26.40,"54,910"
"Educational Instruction and Library Workers, All Other","113,490",26.40,"54,910"
"Arts, Design, Entertainment, Sports, and Media Occupations","2,106,490",36.31,"75,520"
Art and Design Workers,"675,630",31.34,"65,190"
Artists and Related Workers,"105,300",51.82,"107,780"
Art Directors,"51,200",60.54,"125,920"
Craft Artists,"5,830",20.97,"43,610"
"Fine Artists, Including Painters, Sculptors, and Illustrators","10,910",34.34,"71,420"
Special Effects Artists and Animators,"29,940",52.71,"109,630"
"Artists and Related Workers, All Other","7,420",37.93,"78,890"
Designers,"570,330",27.56,"57,320"
Commercial and Industrial Designers,"30,810",39.36,"81,870"
Fashion Designers,"19,940",46.65,"97,030"
Floral Designers,"43,350",17.07,"35,500"
Graphic Designers,"212,720",31.11,"64,700"
Interior Designers,"67,760",32.95,"68,530"
Merchandise Displayers and Window Trimmers,"175,790",18.77,"39,040"
Set and Exhibit Designers,"10,090",32.29,"67,170"
"Designers, All Other","9,880",36.52,"75,960"
"Entertainers and Performers, Sports and Related Workers","569,670",41.02,"85,310"
"Actors, Producers, and Directors","217,020",48.49,"100,860"
Actors,"62,560",41.01,*
Producers and Directors,"154,470",51.52,"107,170"
"Athletes, Coaches, Umpires, and Related Workers","268,750",*,"72,950"
Athletes and Sports Competitors,"14,930",*,"328,830"
Coaches and Scouts,"238,980",*,"58,700"
"Umpires, Referees, and Other Sports Officials","14,840",*,"44,860"
Dancers and Choreographers,"15,700",29.25,"60,840"
Dancers,"11,510",29.56,*
Choreographers,"4,190",28.41,"59,090"
"Musicians, Singers, and Related Workers","46,280",49.46,*
Music Directors and Composers,"10,770",42.23,"87,840"
Musicians and Singers,"35,520",51.65,*
"Miscellaneous Entertainers and Performers, Sports and Related Workers","21,910",30.47,*
"Disc Jockeys, Except Radio","7,190",31.39,*
"Entertainers and Performers, Sports and Related Workers, All Other","14,720",30.03,*
Media and Communication Workers,"625,940",39.13,"81,400"
Broadcast Announcers and Radio Disc Jockeys,"25,070",41.81,"86,950"
Broadcast Announcers and Radio Disc Jockeys,"25,070",41.81,"86,950"
"News Analysts, Reporters and Journalists","45,020",48.76,"101,430"
"News Analysts, Reporters, and Journalists","45,020",48.76,"101,430"
Public Relations Specialists,"275,550",37.37,"77,720"
Public Relations Specialists,"275,550",37.37,"77,720"
Writers and Editors,"193,130",41.40,"86,120"
Editors,"95,700",40.92,"85,110"
Technical Writers,"47,970",41.64,"86,620"
Writers and Authors,"49,450",42.11,"87,590"
Miscellaneous Media and Communication Workers,"87,180",33.95,"70,620"
Interpreters and Translators,"51,560",30.33,"63,080"
Court Reporters and Simultaneous Captioners,"12,390",34.15,"71,040"
"Media and Communication Workers, All Other","23,230",41.89,"87,140"
Media and Communication Equipment Workers,"235,240",31.67,"65,880"
"Broadcast, Sound, and Lighting Technicians","117,010",31.26,"65,010"
Audio and Video Technicians,"66,700",28.49,"59,260"
Broadcast Technicians,"26,190",34.43,"71,600"
Sound Engineering Technicians,"14,600",35.62,"74,100"
Lighting Technicians,"9,520",35.22,"73,250"
Photographers,"53,630",25.67,"53,380"
Photographers,"53,630",25.67,"53,380"
"Television, Video, and Film Camera Operators and Editors","53,180",37.62,"78,260"
"Camera Operators, Television, Video, and Film","23,940",34.56,"71,890"
Film and Video Editors,"29,240",40.13,"83,470"
Miscellaneous Media and Communication Equipment Workers,"11,430",36.47,"75,860"
"Media and Communication Equipment Workers, All Other","11,430",36.47,"75,860"
Healthcare Practitioners and Technical Occupations,"9,284,210",49.07,"102,060"
Healthcare Diagnosing or Treating Practitioners,"6,151,910",60.00,"124,800"
Chiropractors,"41,480",43.15,"89,760"
Chiropractors,"41,480",43.15,"89,760"
Dentists,"138,680",96.57,"200,870"
"Dentists, General","121,640",92.19,"191,750"
Oral and Maxillofacial Surgeons,"4,160",160.73,"334,310"
Orthodontists,"6,400",117.13,"243,620"
Prosthodontists,570,115.75,"240,750"
"Dentists, All Other Specialists","5,920",117.53,"244,470"
Dietitians and Nutritionists,"73,860",34.27,"71,280"
Dietitians and Nutritionists,"73,860",34.27,"71,280"
Optometrists,"41,390",68.75,"143,000"
Optometrists,"41,390",68.75,"143,000"
Pharmacists,"331,700",64.81,"134,790"
Pharmacists,"331,700",64.81,"134,790"
Physician Assistants,"145,740",62.74,"130,490"
Physician Assistants,"145,740",62.74,"130,490"
Podiatrists,"9,470",78.14,"162,520"
Podiatrists,"9,470",78.14,"162,520"
Therapists,"744,240",44.55,"92,670"
Occupational Therapists,"144,840",46.54,"96,790"
Physical Therapists,"240,820",48.29,"100,440"
Radiation Therapists,"16,640",50.20,"104,420"
Recreational Therapists,"15,540",29.28,"60,910"
Respiratory Therapists,"129,750",38.62,"80,340"
Speech-Language Pathologists,"172,100",44.53,"92,630"
Exercise Physiologists,"8,060",27.43,"57,050"
"Therapists, All Other","16,490",36.38,"75,660"
Veterinarians,"78,220",65.53,"136,300"
Veterinarians,"78,220",65.53,"136,300"
Registered Nurses,"3,175,390",45.42,"94,480"
Registered Nurses,"3,175,390",45.42,"94,480"
Nurse Anesthetists,"47,810",102.98,"214,200"
Nurse Anesthetists,"47,810",102.98,"214,200"
Nurse Midwives,"6,960",63.26,"131,570"
Nurse Midwives,"6,960",63.26,"131,570"
Nurse Practitioners,"280,140",61.78,"128,490"
Nurse Practitioners,"280,140",61.78,"128,490"
Audiologists,"13,880",44.53,"92,620"
Audiologists,"13,880",44.53,"92,620"
Physicians,"716,950",126.85,"263,840"
Anesthesiologists,"33,470",163.21,"339,470"
Cardiologists,"15,190",203.49,"423,250"
Dermatologists,"12,040",164.84,"342,860"
Emergency Medicine Physicians,"35,100",147.42,"306,640"
Family Medicine Physicians,"112,010",115.77,"240,790"
General Internal Medicine Physicians,"67,210",118.01,"245,450"
Neurologists,"9,350",130.51,"271,470"
Obstetricians and Gynecologists,"19,820",133.97,"278,660"
"Pediatricians, General","34,870",98.97,"205,860"
"Physicians, Pathologists","11,020",130.08,"270,560"
Psychiatrists,"24,830",123.53,"256,930"
Radiologists,"31,960",170.17,"353,960"
"Physicians, All Other","310,080",119.54,"248,640"
Surgeons,"53,900",167.74,"348,890"
"Ophthalmologists, Except Pediatric","11,530",150.06,"312,120"
"Orthopedic Surgeons, Except Pediatric","14,820",181.85,"378,250"
Pediatric Surgeons,"1,180",216.02,"449,320"
"Surgeons, All Other","26,370",165.38,"343,990"
Miscellaneous Healthcare Diagnosing or Treating Practitioners,"252,100",45.13,"93,870"
Acupuncturists,"9,370",40.51,"84,260"
Dental Hygienists,"211,630",43.21,"89,890"
"Healthcare Diagnosing or Treating Practitioners, All Other","31,100",59.54,"123,840"
Health Technologists and Technicians,"3,010,670",27.38,"56,950"
Clinical Laboratory Technologists and Technicians,"334,380",30.22,"62,870"
Clinical Laboratory Technologists and Technicians,"334,380",30.22,"62,870"
Diagnostic Related Technologists and Technicians,"421,410",38.32,"79,710"
Cardiovascular Technologists and Technicians,"55,660",33.79,"70,270"
Diagnostic Medical Sonographers,"82,780",42.80,"89,020"
Nuclear Medicine Technologists,"16,560",45.71,"95,080"
Radiologic Technologists and Technicians,"221,170",36.18,"75,250"
Magnetic Resonance Imaging Technologists,"41,340",41.64,"86,600"
Medical Dosimetrists,"3,900",63.39,"131,850"
Emergency Medical Technicians and Paramedics,"265,810",23.28,"48,430"
Emergency Medical Technicians,"167,040",20.72,"43,100"
Paramedics,"98,770",27.62,"57,450"
Health Practitioner Support Technologists and Technicians,"906,180",21.98,"45,720"
Dietetic Technicians,"24,240",18.48,"38,440"
Pharmacy Technicians,"460,280",20.83,"43,330"
Psychiatric Technicians,"115,940",20.99,"43,650"
Surgical Technologists,"110,320",29.93,"62,250"
Veterinary Technologists and Technicians,"122,000",21.18,"44,040"
Ophthalmic Medical Technicians,"73,390",21.30,"44,290"
Licensed Practical and Licensed Vocational Nurses,"630,250",29.23,"60,790"
Licensed Practical and Licensed Vocational Nurses,"630,250",29.23,"60,790"
Medical Records Specialists,"185,690",25.81,"53,690"
Medical Records Specialists,"185,690",25.81,"53,690"
"Opticians, Dispensing","76,770",22.86,"47,560"
"Opticians, Dispensing","76,770",22.86,"47,560"
Miscellaneous Health Technologists and Technicians,"190,180",26.84,"55,830"
Orthotists and Prosthetists,"8,820",38.70,"80,500"
Hearing Aid Specialists,"10,250",29.59,"61,550"
"Health Technologists and Technicians, All Other","171,110",26.07,"54,220"
Other Healthcare Practitioners and Technical Occupations,"121,640",32.84,"68,300"
Health Information Technologists and Medical Registrars,"34,430",33.78,"70,260"
Health Information Technologists and Medical Registrars,"34,430",33.78,"70,260"
Miscellaneous Health Practitioners and Technical Workers,"87,210",32.46,"67,520"
Athletic Trainers,"28,480",*,"61,540"
Genetic Counselors,"3,050",47.18,"98,130"
Surgical Assistants,"18,780",31.34,"65,190"
"Healthcare Practitioners and Technical Workers, All Other","36,900",34.04,"70,800"
Healthcare Support Occupations,"7,063,530",18.37,"38,220"
"Home Health and Personal Care Aides; and Nursing Assistants, Orderlies, and Psychiatric Aides","5,122,130",16.89,"35,120"
Home Health and Personal Care Aides,"3,689,350",16.05,"33,380"
Home Health and Personal Care Aides,"3,689,350",16.05,"33,380"
"Nursing Assistants, Orderlies, and Psychiatric Aides","1,432,790",19.04,"39,600"
Nursing Assistants,"1,351,760",19.04,"39,610"
Orderlies,"48,710",18.48,"38,440"
Psychiatric Aides,"32,310",19.71,"41,000"
Occupational Therapy and Physical Therapist Assistants and Aides,"196,900",28.45,"59,180"
Occupational Therapy Assistants and Aides,"50,520",31.68,"65,880"
Occupational Therapy Assistants,"46,090",32.78,"68,170"
Occupational Therapy Aides,"4,430",20.22,"42,060"
Physical Therapist Assistants and Aides,"146,380",27.34,"56,870"
Physical Therapist Assistants,"104,000",31.66,"65,860"
Physical Therapist Aides,"42,390",16.74,"34,810"
Other Healthcare Support Occupations,"1,744,490",21.60,"44,930"
Massage Therapists,"92,650",30.08,"62,560"
Massage Therapists,"92,650",30.08,"62,560"
Miscellaneous Healthcare Support Occupations,"1,651,840",21.13,"43,940"
Dental Assistants,"370,690",22.77,"47,350"
Medical Assistants,"763,040",20.84,"43,350"
Medical Equipment Preparers,"66,790",22.79,"47,410"
Medical Transcriptionists,"52,420",18.79,"39,090"
Pharmacy Aides,"43,830",18.74,"38,980"
Veterinary Assistants and Laboratory Animal Caretakers,"115,770",17.94,"37,310"
Phlebotomists,"137,080",20.74,"43,130"
"Healthcare Support Workers, All Other","102,230",22.60,"47,010"
Protective Service Occupations,"3,504,330",27.74,"57,710"
Supervisors of Protective Service Workers,"359,050",42.17,"87,710"
First-Line Supervisors of Law Enforcement Workers,"190,410",47.11,"98,000"
First-Line Supervisors of Correctional Officers,"52,280",36.94,"76,840"
First-Line Supervisors of Police and Detectives,"138,140",50.96,"106,000"
First-Line Supervisors of Firefighting and Prevention Workers,"84,120",43.63,"90,740"
First-Line Supervisors of Firefighting and Prevention Workers,"84,120",43.63,"90,740"
"Miscellaneous First-Line Supervisors, Protective Service Workers","84,510",29.57,"61,500"
First-Line Supervisors of Security Workers,"64,900",28.64,"59,580"
"First-Line Supervisors of Protective Service Workers, All Other","19,620",32.63,"67,870"
Firefighting and Prevention Workers,"331,940",29.49,"61,340"
Firefighters,"315,460",29.03,"60,390"
Firefighters,"315,460",29.03,"60,390"
Fire Inspectors,"16,470",38.25,"79,550"
Fire Inspectors and Investigators,"14,200",39.67,"82,510"
Forest Fire Inspectors and Prevention Specialists,"2,270",29.37,"61,090"
Law Enforcement Workers,"1,136,430",34.80,"72,370"
"Bailiffs, Correctional Officers, and Jailers","367,320",28.27,"58,790"
Bailiffs,"15,900",28.11,"58,460"
Correctional Officers and Jailers,"351,420",28.27,"58,810"
Detectives and Criminal Investigators,"106,730",46.12,"95,930"
Detectives and Criminal Investigators,"106,730",46.12,"95,930"
Fish and Game Wardens,"6,290",29.38,"61,120"
Fish and Game Wardens,"6,290",29.38,"61,120"
Parking Enforcement Workers,"7,420",24.25,"50,430"
Parking Enforcement Workers,"7,420",24.25,"50,430"
Police Officers,"648,670",36.80,"76,550"
Police and Sheriff's Patrol Officers,"646,310",36.80,"76,550"
Transit and Railroad Police,"2,360",37.61,"78,230"
Other Protective Service Workers,"1,676,920",19.53,"40,620"
Animal Control Workers,"11,600",23.15,"48,150"
Animal Control Workers,"11,600",23.15,"48,150"
Private Detectives and Investigators,"34,600",28.98,"60,270"
Private Detectives and Investigators,"34,600",28.98,"60,270"
Security Guards and Gambling Surveillance Officers,"1,213,610",19.45,"40,460"
Gambling Surveillance Officers and Gambling Investigators,"10,660",20.41,"42,460"
Security Guards,"1,202,940",19.44,"40,440"
Miscellaneous Protective Service Workers,"417,110",18.88,"39,270"
Crossing Guards and Flaggers,"90,780",19.54,"40,650"
"Lifeguards, Ski Patrol, and Other Recreational Protective Service Workers","123,560",15.07,"31,340"
Transportation Security Screeners,"47,950",24.54,"51,040"
School Bus Monitors,"72,320",16.33,"33,970"
"Protective Service Workers, All Other","82,500",22.80,"47,420"
Food Preparation and Serving Related Occupations,"13,247,870",16.58,"34,490"
Supervisors of Food Preparation and Serving Workers,"1,348,910",22.01,"45,780"
Supervisors of Food Preparation and Serving Workers,"1,348,910",22.01,"45,780"
Chefs and Head Cooks,"172,370",30.12,"62,640"
First-Line Supervisors of Food Preparation and Serving Workers,"1,176,540",20.82,"43,310"
Cooks and Food Preparation Workers,"3,546,860",16.35,"34,010"
Cooks,"2,667,250",16.52,"34,360"
"Cooks, Fast Food","673,490",14.31,"29,760"
"Cooks, Institution and Cafeteria","435,640",17.27,"35,920"
"Cooks, Private Household",740,23.94,"49,790"
"Cooks, Restaurant","1,412,350",17.34,"36,060"
"Cooks, Short Order","126,370",16.31,"33,920"
"Cooks, All Other","18,650",18.08,"37,610"
Food Preparation Workers,"879,610",15.85,"32,960"
Food Preparation Workers,"879,610",15.85,"32,960"
Food and Beverage Serving Workers,"6,893,410",15.89,"33,060"
Bartenders,"711,140",17.83,"37,090"
Bartenders,"711,140",17.83,"37,090"
Fast Food and Counter Workers,"3,676,580",14.48,"30,110"
Fast Food and Counter Workers,"3,676,580",14.48,"30,110"
Waiters and Waitresses,"2,237,850",17.56,"36,530"
Waiters and Waitresses,"2,237,850",17.56,"36,530"
"Food Servers, Nonrestaurant","267,840",16.27,"33,840"
"Food Servers, Nonrestaurant","267,840",16.27,"33,840"
Other Food Preparation and Serving Related Workers,"1,458,690",15.37,"31,970"
Dining Room and Cafeteria Attendants and Bartender Helpers,"483,390",15.74,"32,730"
Dining Room and Cafeteria Attendants and Bartender Helpers,"483,390",15.74,"32,730"
Dishwashers,"463,940",15.22,"31,650"
Dishwashers,"463,940",15.22,"31,650"
"Hosts and Hostesses, Restaurant, Lounge, and Coffee Shop","425,020",14.78,"30,750"
"Hosts and Hostesses, Restaurant, Lounge, and Coffee Shop","425,020",14.78,"30,750"
Miscellaneous Food Preparation and Serving Related Workers,"86,350",17.03,"35,430"
"Food Preparation and Serving Related Workers, All Other","86,350",17.03,"35,430"
Building and Grounds Cleaning and Maintenance Occupations,"4,429,070",18.43,"38,320"
Supervisors of Building and Grounds Cleaning and Maintenance Workers,"297,150",25.85,"53,770"
First-Line Supervisors of Building and Grounds Cleaning and Maintenance Workers,"297,150",25.85,"53,770"
First-Line Supervisors of Housekeeping and Janitorial Workers,"171,120",24.03,"49,980"
"First-Line Supervisors of Landscaping, Lawn Service, and Groundskeeping Workers","126,020",28.33,"58,920"
Building Cleaning and Pest Control Workers,"3,116,220",17.36,"36,100"
Building Cleaning Workers,"3,022,470",17.23,"35,840"
"Janitors and Cleaners, Except Maids and Housekeeping Cleaners","2,172,500",17.43,"36,250"
Maids and Housekeeping Cleaners,"836,230",16.66,"34,650"
"Building Cleaning Workers, All Other","13,740",21.03,"43,740"
Pest Control Workers,"93,760",21.46,"44,650"
Pest Control Workers,"93,760",21.46,"44,650"
Grounds Maintenance Workers,"1,015,700",19.53,"40,620"
Grounds Maintenance Workers,"1,015,700",19.53,"40,620"
Landscaping and Groundskeeping Workers,"929,930",19.13,"39,790"
"Pesticide Handlers, Sprayers, and Applicators, Vegetation","23,520",21.38,"44,480"
Tree Trimmers and Pruners,"50,270",25.41,"52,850"
"Grounds Maintenance Workers, All Other","11,980",22.37,"46,540"
Personal Care and Service Occupations,"3,040,630",18.48,"38,430"
Supervisors of Personal Care and Service Workers,"219,680",24.85,"51,690"
First-Line Supervisors of Entertainment and Recreation Workers,"113,230",25.57,"53,190"
First-Line Supervisors of Gambling Services Workers,"25,100",29.86,"62,110"
"First-Line Supervisors of Entertainment and Recreation Workers, Except Gambling Services","88,140",24.35,"50,650"
First-Line Supervisors of Personal Service Workers,"106,440",24.08,"50,090"
First-Line Supervisors of Personal Service Workers,"106,440",24.08,"50,090"
Animal Care and Service Workers,"288,060",16.49,"34,290"
Animal Trainers,"19,240",21.59,"44,910"
Animal Trainers,"19,240",21.59,"44,910"
Animal Caretakers,"268,830",16.12,"33,530"
Animal Caretakers,"268,830",16.12,"33,530"
Entertainment Attendants and Related Workers,"612,760",15.50,"32,250"
Gambling Services Workers,"102,570",18.65,"38,790"
Gambling Dealers,"80,570",19.25,"40,030"
Gambling and Sports Book Writers and Runners,"8,700",15.40,"32,030"
"Gambling Service Workers, All Other","13,300",17.14,"35,650"
Motion Picture Projectionists,"2,610",21.06,"43,800"
Motion Picture Projectionists,"2,610",21.06,"43,800"
"Ushers, Lobby Attendants, and Ticket Takers","117,560",14.67,"30,520"
"Ushers, Lobby Attendants, and Ticket Takers","117,560",14.67,"30,520"
Miscellaneous Entertainment Attendants and Related Workers,"390,020",14.89,"30,970"
Amusement and Recreation Attendants,"361,680",14.54,"30,240"
Costume Attendants,"6,300",28.96,"60,230"
"Locker Room, Coatroom, and Dressing Room Attendants","14,720",16.63,"34,590"
"Entertainment Attendants and Related Workers, All Other","7,320",16.67,"34,670"
Funeral Service Workers,"63,430",21.88,"45,520"
Embalmers and Crematory Operators,"6,600",24.35,"50,640"
Embalmers,"3,380",27.26,"56,690"
Crematory Operators,"3,220",21.30,"44,290"
Funeral Attendants,"32,620",16.92,"35,200"
Funeral Attendants,"32,620",16.92,"35,200"
"Morticians, Undertakers, and Funeral Arrangers","24,200",27.90,"58,020"
"Morticians, Undertakers, and Funeral Arrangers","24,200",27.90,"58,020"
Personal Appearance Workers,"532,400",19.96,"41,510"
"Barbers, Hairdressers, Hairstylists and Cosmetologists","310,830",20.08,"41,770"
Barbers,"15,990",19.99,"41,570"
"Hairdressers, Hairstylists, and Cosmetologists","294,840",20.09,"41,780"
Miscellaneous Personal Appearance Workers,"221,570",19.78,"41,140"
"Makeup Artists, Theatrical and Performance","4,130",32.97,"68,590"
Manicurists and Pedicurists,"144,810",17.54,"36,480"
Shampooers,"7,360",14.07,"29,260"
Skincare Specialists,"65,270",24.57,"51,100"
"Baggage Porters, Bellhops, and Concierges","69,800",18.52,"38,530"
"Baggage Porters, Bellhops, and Concierges","69,800",18.52,"38,530"
Baggage Porters and Bellhops,"28,780",17.36,"36,100"
Concierges,"41,020",19.34,"40,230"
Tour and Travel Guides,"46,760",19.37,"40,280"
Tour and Travel Guides,"46,760",19.37,"40,280"
Tour and Travel Guides,"46,760",19.37,"40,280"
Other Personal Care and Service Workers,"1,207,740",18.44,"38,340"
Childcare Workers,"497,450",15.42,"32,070"
Childcare Workers,"497,450",15.42,"32,070"
Recreation and Fitness Workers,"561,200",21.03,"43,740"
Exercise Trainers and Group Fitness Instructors,"279,450",24.65,"51,270"
Recreation Workers,"281,750",17.44,"36,270"
Residential Advisors,"88,700",19.33,"40,200"
Residential Advisors,"88,700",19.33,"40,200"
Miscellaneous Personal Care and Service Workers,"60,390",17.88,"37,190"
"Personal Care and Service Workers, All Other","60,390",17.88,"37,190"
Sales and Related Occupations,"13,380,660",25.62,"53,280"
Supervisors of Sales Workers,"1,315,030",28.92,"60,140"
First-Line Supervisors of Sales Workers,"1,315,030",28.92,"60,140"
First-Line Supervisors of Retail Sales Workers,"1,087,890",25.01,"52,030"
First-Line Supervisors of Non-Retail Sales Workers,"227,150",47.61,"99,020"
Retail Sales Workers,"7,655,030",16.59,"34,520"
Cashiers,"3,319,210",14.78,"30,750"
Cashiers,"3,298,660",14.77,"30,710"
Gambling Change Persons and Booth Cashiers,"20,560",17.32,"36,030"
Counter and Rental Clerks and Parts Salespersons,"651,070",19.91,"41,410"
Counter and Rental Clerks,"390,300",20.02,"41,630"
Parts Salespersons,"260,770",19.75,"41,080"
Retail Salespersons,"3,684,740",17.64,"36,690"
Retail Salespersons,"3,684,740",17.64,"36,690"
"Sales Representatives, Services","2,245,510",41.28,"85,860"
Advertising Sales Agents,"108,100",36.45,"75,820"
Advertising Sales Agents,"108,100",36.45,"75,820"
Insurance Sales Agents,"457,510",38.32,"79,700"
Insurance Sales Agents,"457,510",38.32,"79,700"
"Securities, Commodities, and Financial Services Sales Agents","479,630",52.75,"109,710"
"Securities, Commodities, and Financial Services Sales Agents","479,630",52.75,"109,710"
Travel Agents,"58,250",24.06,"50,040"
Travel Agents,"58,250",24.06,"50,040"
"Miscellaneous Sales Representatives, Services","1,142,020",38.98,"81,080"
"Sales Representatives of Services, Except Advertising, Insurance, Financial Services, and Travel","1,142,020",38.98,"81,080"
"Sales Representatives, Wholesale and Manufacturing","1,600,700",41.79,"86,920"
"Sales Representatives, Wholesale and Manufacturing","1,600,700",41.79,"86,920"
"Sales Representatives, Wholesale and Manufacturing, Technical and Scientific Products","311,780",54.58,"113,520"
"Sales Representatives, Wholesale and Manufacturing, Except Technical and Scientific Products","1,288,920",38.70,"80,490"
Other Sales and Related Workers,"564,380",32.09,"66,760"
"Models, Demonstrators, and Product Promoters","53,880",20.52,"42,680"
Demonstrators and Product Promoters,"50,790",19.76,"41,090"
Models,"3,090",33.03,"68,700"
Real Estate Brokers and Sales Agents,"249,080",35.10,"73,010"
Real Estate Brokers,"51,350",41.41,"86,130"
Real Estate Sales Agents,"197,720",33.46,"69,610"
Sales Engineers,"59,340",62.77,"130,550"
Sales Engineers,"59,340",62.77,"130,550"
Telemarketers,"81,580",17.64,"36,680"
Telemarketers,"81,580",17.64,"36,680"
Miscellaneous Sales and Related Workers,"120,500",25.74,"53,530"
"Door-to-Door Sales Workers, News and Street Vendors, and Related Workers","6,220",20.29,"42,200"
"Sales and Related Workers, All Other","114,280",26.03,"54,150"
Office and Administrative Support Occupations,"18,533,450",23.05,"47,940"
Supervisors of Office and Administrative Support Workers,"1,504,570",32.99,"68,620"
First-Line Supervisors of Office and Administrative Support Workers,"1,504,570",32.99,"68,620"
First-Line Supervisors of Office and Administrative Support Workers,"1,504,570",32.99,"68,620"
Communications Equipment Operators,"49,810",19.51,"40,570"
"Switchboard Operators, Including Answering Service","43,830",19.24,"40,020"
"Switchboard Operators, Including Answering Service","43,830",19.24,"40,020"
Telephone Operators,"4,600",20.24,"42,100"
Telephone Operators,"4,600",20.24,"42,100"
Miscellaneous Communications Equipment Operators,"1,380",25.60,"53,240"
"Communications Equipment Operators, All Other","1,380",25.60,"53,240"
Financial Clerks,"2,739,760",23.01,"47,860"
Bill and Account Collectors,"190,910",22.12,"46,020"
Bill and Account Collectors,"190,910",22.12,"46,020"
Billing and Posting Clerks,"430,220",22.66,"47,120"
Billing and Posting Clerks,"430,220",22.66,"47,120"
"Bookkeeping, Accounting, and Auditing Clerks","1,501,910",23.84,"49,580"
"Bookkeeping, Accounting, and Auditing Clerks","1,501,910",23.84,"49,580"
Gambling Cage Workers,"12,560",17.67,"36,750"
Gambling Cage Workers,"12,560",17.67,"36,750"
Payroll and Timekeeping Clerks,"157,230",26.29,"54,690"
Payroll and Timekeeping Clerks,"157,230",26.29,"54,690"
Procurement Clerks,"61,580",23.05,"47,940"
Procurement Clerks,"61,580",23.05,"47,940"
Tellers,"340,820",18.68,"38,850"
Tellers,"340,820",18.68,"38,850"
Miscellaneous Financial Clerks,"44,520",25.33,"52,690"
"Financial Clerks, All Other","44,520",25.33,"52,690"
Information and Record Clerks,"5,537,420",20.49,"42,610"
Brokerage Clerks,"48,060",30.35,"63,130"
Brokerage Clerks,"48,060",30.35,"63,130"
Correspondence Clerks,"4,650",22.57,"46,940"
Correspondence Clerks,"4,650",22.57,"46,940"
"Court, Municipal, and License Clerks","157,960",23.44,"48,760"
"Court, Municipal, and License Clerks","157,960",23.44,"48,760"
"Credit Authorizers, Checkers, and Clerks","14,290",24.22,"50,380"
"Credit Authorizers, Checkers, and Clerks","14,290",24.22,"50,380"
Customer Service Representatives,"2,858,710",20.92,"43,520"
Customer Service Representatives,"2,858,710",20.92,"43,520"
"Eligibility Interviewers, Government Programs","150,190",24.92,"51,840"
"Eligibility Interviewers, Government Programs","150,190",24.92,"51,840"
File Clerks,"82,290",19.58,"40,730"
File Clerks,"82,290",19.58,"40,730"
"Hotel, Motel, and Resort Desk Clerks","263,800",15.66,"32,570"
"Hotel, Motel, and Resort Desk Clerks","263,800",15.66,"32,570"
"Interviewers, Except Eligibility and Loan","160,550",20.55,"42,750"
"Interviewers, Except Eligibility and Loan","160,550",20.55,"42,750"
"Library Assistants, Clerical","83,680",17.29,"35,970"
"Library Assistants, Clerical","83,680",17.29,"35,970"
Loan Interviewers and Clerks,"203,940",23.40,"48,660"
Loan Interviewers and Clerks,"203,940",23.40,"48,660"
New Accounts Clerks,"41,180",21.48,"44,670"
New Accounts Clerks,"41,180",21.48,"44,670"
Order Clerks,"91,830",20.93,"43,530"
Order Clerks,"91,830",20.93,"43,530"
"Human Resources Assistants, Except Payroll and Timekeeping","101,440",23.46,"48,800"
"Human Resources Assistants, Except Payroll and Timekeeping","101,440",23.46,"48,800"
Receptionists and Information Clerks,"1,003,820",17.59,"36,590"
Receptionists and Information Clerks,"1,003,820",17.59,"36,590"
Reservation and Transportation Ticket Agents and Travel Clerks,"119,270",22.51,"46,820"
Reservation and Transportation Ticket Agents and Travel Clerks,"119,270",22.51,"46,820"
Miscellaneous Information and Record Clerks,"151,760",23.00,"47,840"
"Information and Record Clerks, All Other","151,760",23.00,"47,840"
"Material Recording, Scheduling, Dispatching, and Distributing Workers","2,316,650",24.25,"50,430"
Cargo and Freight Agents,"105,220",25.22,"52,460"
Cargo and Freight Agents,"105,220",25.22,"52,460"
Couriers and Messengers,"72,010",18.44,"38,350"
Couriers and Messengers,"72,010",18.44,"38,350"
Dispatchers,"303,910",24.64,"51,250"
Public Safety Telecommunicators,"97,820",25.07,"52,140"
"Dispatchers, Except Police, Fire, and Ambulance","206,090",24.44,"50,830"
"Meter Readers, Utilities","19,900",25.77,"53,610"
"Meter Readers, Utilities","19,900",25.77,"53,610"
Postal Service Workers,"526,260",28.20,"58,660"
Postal Service Clerks,"78,130",28.48,"59,240"
Postal Service Mail Carriers,"331,600",28.53,"59,340"
"Postal Service Mail Sorters, Processors, and Processing Machine Operators","116,540",27.09,"56,350"
"Production, Planning, and Expediting Clerks","393,980",27.70,"57,610"
"Production, Planning, and Expediting Clerks","393,980",27.70,"57,610"
"Shipping, Receiving, and Inventory Clerks","844,120",20.54,"42,730"
"Shipping, Receiving, and Inventory Clerks","844,120",20.54,"42,730"
"Weighers, Measurers, Checkers, and Samplers, Recordkeeping","51,250",21.27,"44,240"
"Weighers, Measurers, Checkers, and Samplers, Recordkeeping","51,250",21.27,"44,240"
Secretaries and Administrative Assistants,"3,171,290",23.95,"49,810"
Secretaries and Administrative Assistants,"3,171,290",23.95,"49,810"
Executive Secretaries and Executive Administrative Assistants,"483,570",35.42,"73,680"
Legal Secretaries and Administrative Assistants,"152,790",27.08,"56,330"
Medical Secretaries and Administrative Assistants,"749,500",20.85,"43,380"
"Secretaries and Administrative Assistants, Except Legal, Medical, and Executive","1,785,430",21.87,"45,490"
Other Office and Administrative Support Workers,"3,213,950",21.14,"43,970"
Data Entry and Information Processing Workers,"191,430",19.95,"41,490"
Data Entry Keyers,"154,230",19.29,"40,130"
Word Processors and Typists,"37,200",22.68,"47,170"
Desktop Publishers,"5,220",27.73,"57,680"
Desktop Publishers,"5,220",27.73,"57,680"
Insurance Claims and Policy Processing Clerks,"241,650",23.81,"49,530"
Insurance Claims and Policy Processing Clerks,"241,650",23.81,"49,530"
"Mail Clerks and Mail Machine Operators, Except Postal Service","66,600",18.45,"38,370"
"Mail Clerks and Mail Machine Operators, Except Postal Service","66,600",18.45,"38,370"
"Office Clerks, General","2,496,370",20.94,"43,560"
"Office Clerks, General","2,496,370",20.94,"43,560"
"Office Machine Operators, Except Computer","27,960",19.04,"39,600"
"Office Machine Operators, Except Computer","27,960",19.04,"39,600"
Proofreaders and Copy Markers,"5,490",24.57,"51,100"
Proofreaders and Copy Markers,"5,490",24.57,"51,100"
Statistical Assistants,"7,200",25.92,"53,900"
Statistical Assistants,"7,200",25.92,"53,900"
Miscellaneous Office and Administrative Support Workers,"172,020",22.41,"46,620"
"Office and Administrative Support Workers, All Other","172,020",22.41,"46,620"
"Farming, Fishing, and Forestry Occupations","432,200",19.22,"39,970"
"Supervisors of Farming, Fishing, and Forestry Workers","27,150",29.23,"60,790"
"First-Line Supervisors of Farming, Fishing, and Forestry Workers","27,150",29.23,"60,790"
"First-Line Supervisors of Farming, Fishing, and Forestry Workers","27,150",29.23,"60,790"
Agricultural Workers,"363,710",17.97,"37,370"
Agricultural Inspectors,"12,660",25.08,"52,170"
Agricultural Inspectors,"12,660",25.08,"52,170"
Animal Breeders,"1,360",25.73,"53,520"
Animal Breeders,"1,360",25.73,"53,520"
"Graders and Sorters, Agricultural Products","23,430",16.77,"34,880"
"Graders and Sorters, Agricultural Products","23,430",16.77,"34,880"
Miscellaneous Agricultural Workers,"326,260",17.75,"36,910"
Agricultural Equipment Operators,"28,910",20.12,"41,850"
"Farmworkers and Laborers, Crop, Nursery, and Greenhouse","258,730",17.37,"36,140"
"Farmworkers, Farm, Ranch, and Aquacultural Animals","32,590",17.82,"37,060"
"Agricultural Workers, All Other","6,040",21.95,"45,660"
"Forest, Conservation, and Logging Workers","40,450",23.69,"49,270"
Forest and Conservation Workers,"5,750",17.72,"36,860"
Forest and Conservation Workers,"5,750",17.72,"36,860"
Logging Workers,"34,710",24.67,"51,320"
Fallers,"4,800",29.42,"61,190"
Logging Equipment Operators,"23,720",23.94,"49,790"
Log Graders and Scalers,"3,640",22.65,"47,120"
"Logging Workers, All Other","2,540",25.46,"52,950"
Construction and Extraction Occupations,"6,225,630",29.57,"61,500"
Supervisors of Construction and Extraction Workers,"777,420",39.11,"81,340"
First-Line Supervisors of Construction Trades and Extraction Workers,"777,420",39.11,"81,340"
First-Line Supervisors of Construction Trades and Extraction Workers,"777,420",39.11,"81,340"
Construction Trades Workers,"4,588,620",28.53,"59,350"
Boilermakers,"11,130",35.50,"73,840"
Boilermakers,"11,130",35.50,"73,840"
"Brickmasons, Blockmasons, and Stonemasons","66,630",30.04,"62,470"
Brickmasons and Blockmasons,"56,830",30.50,"63,430"
Stonemasons,"9,790",27.37,"56,930"
Carpenters,"700,290",29.31,"60,970"
Carpenters,"700,290",29.31,"60,970"
"Carpet, Floor, and Tile Installers and Finishers","88,200",26.05,"54,190"
Carpet Installers,"15,560",25.14,"52,290"
"Floor Layers, Except Carpet, Wood, and Hard Tiles","25,150",27.25,"56,680"
Floor Sanders and Finishers,"5,070",24.00,"49,910"
Tile and Stone Setters,"42,420",25.92,"53,920"
"Cement Masons, Concrete Finishers, and Terrazzo Workers","205,010",27.59,"57,390"
Cement Masons and Concrete Finishers,"203,560",27.60,"57,410"
Terrazzo Workers and Finishers,"1,460",26.07,"54,220"
Construction Laborers,"1,019,090",23.69,"49,280"
Construction Laborers,"1,019,090",23.69,"49,280"
Construction Equipment Operators,"496,460",29.63,"61,620"
"Paving, Surfacing, and Tamping Equipment Operators","43,080",26.53,"55,170"
Pile Driver Operators,"3,010",33.78,"70,260"
Operating Engineers and Other Construction Equipment Operators,"450,370",29.89,"62,180"
"Drywall Installers, Ceiling Tile Installers, and Tapers","106,420",30.11,"62,620"
Drywall and Ceiling Tile Installers,"90,860",29.56,"61,480"
Tapers,"15,560",33.32,"69,300"
Electricians,"712,580",32.60,"67,810"
Electricians,"712,580",32.60,"67,810"
Glaziers,"53,390",28.04,"58,320"
Glaziers,"53,390",28.04,"58,320"
Insulation Workers,"61,360",26.55,"55,230"
"Insulation Workers, Floor, Ceiling, and Wall","38,510",25.04,"52,080"
"Insulation Workers, Mechanical","22,850",29.10,"60,530"
Painters and Paperhangers,"217,730",25.06,"52,130"
"Painters, Construction and Maintenance","215,910",25.05,"52,110"
Paperhangers,"1,830",25.97,"54,020"
"Pipelayers, Plumbers, Pipefitters, and Steamfitters","471,000",32.08,"66,730"
Pipelayers,"34,840",25.41,"52,840"
"Plumbers, Pipefitters, and Steamfitters","436,160",32.62,"67,840"
Plasterers and Stucco Masons,"22,310",28.39,"59,050"
Plasterers and Stucco Masons,"22,310",28.39,"59,050"
Reinforcing Iron and Rebar Workers,"17,400",28.99,"60,290"
Reinforcing Iron and Rebar Workers,"17,400",28.99,"60,290"
Roofers,"135,140",26.85,"55,840"
Roofers,"135,140",26.85,"55,840"
Sheet Metal Workers,"116,190",30.90,"64,270"
Sheet Metal Workers,"116,190",30.90,"64,270"
Structural Iron and Steel Workers,"63,780",32.80,"68,220"
Structural Iron and Steel Workers,"63,780",32.80,"68,220"
Solar Photovoltaic Installers,"24,510",25.55,"53,140"
Solar Photovoltaic Installers,"24,510",25.55,"53,140"
"Helpers, Construction Trades","191,670",19.87,"41,340"
"Helpers, Construction Trades","191,670",19.87,"41,340"
"Helpers--Brickmasons, Blockmasons, Stonemasons, and Tile and Marble Setters","16,460",21.92,"45,590"
Helpers--Carpenters,"21,770",19.65,"40,860"
Helpers--Electricians,"68,670",19.83,"41,240"
"Helpers--Painters, Paperhangers, Plasterers, and Stucco Masons","7,700",18.63,"38,750"
"Helpers--Pipelayers, Plumbers, Pipefitters, and Steamfitters","45,300",18.97,"39,460"
Helpers--Roofers,"4,540",20.33,"42,280"
"Helpers, Construction Trades, All Other","27,250",20.71,"43,090"
Other Construction and Related Workers,"455,520",28.87,"60,050"
Construction and Building Inspectors,"133,640",35.04,"72,880"
Construction and Building Inspectors,"133,640",35.04,"72,880"
Elevator and Escalator Installers and Repairers,"23,990",48.11,"100,060"
Elevator and Escalator Installers and Repairers,"23,990",48.11,"100,060"
Fence Erectors,"21,470",22.43,"46,650"
Fence Erectors,"21,470",22.43,"46,650"
Hazardous Materials Removal Workers,"49,960",25.69,"53,430"
Hazardous Materials Removal Workers,"49,960",25.69,"53,430"
Highway Maintenance Workers,"150,860",23.59,"49,070"
Highway Maintenance Workers,"150,860",23.59,"49,070"
Rail-Track Laying and Maintenance Equipment Operators,"18,770",32.37,"67,330"
Rail-Track Laying and Maintenance Equipment Operators,"18,770",32.37,"67,330"
Septic Tank Servicers and Sewer Pipe Cleaners,"27,900",23.84,"49,590"
Septic Tank Servicers and Sewer Pipe Cleaners,"27,900",23.84,"49,590"
Miscellaneous Construction and Related Workers,"28,930",24.84,"51,670"
Miscellaneous Construction and Related Workers,"28,930",24.84,"51,670"
Extraction Workers,"212,390",27.22,"56,610"
"Derrick, Rotary Drill, and Service Unit Operators, Oil and Gas","69,840",29.13,"60,590"
"Derrick Operators, Oil and Gas","11,510",28.04,"58,330"
"Rotary Drill Operators, Oil and Gas","12,180",32.36,"67,320"
"Service Unit Operators, Oil and Gas","46,150",28.55,"59,390"
Surface Mining Machine Operators and Earth Drillers,"50,640",27.50,"57,190"
"Excavating and Loading Machine and Dragline Operators, Surface Mining","32,630",26.68,"55,500"
"Earth Drillers, Except Oil and Gas","18,010",28.97,"60,250"
"Explosives Workers, Ordnance Handling Experts, and Blasters","4,610",31.54,"65,600"
"Explosives Workers, Ordnance Handling Experts, and Blasters","4,610",31.54,"65,600"
Underground Mining Machine Operators,"25,390",30.40,"63,240"
Continuous Mining Machine Operators,"15,700",29.86,"62,110"
"Roof Bolters, Mining","1,960",32.95,"68,540"
"Loading and Moving Machine Operators, Underground Mining","5,160",30.59,"63,620"
"Underground Mining Machine Operators, All Other","2,560",31.39,"65,290"
"Rock Splitters, Quarry","3,610",23.00,"47,830"
"Rock Splitters, Quarry","3,610",23.00,"47,830"
"Roustabouts, Oil and Gas","43,830",22.95,"47,730"
"Roustabouts, Oil and Gas","43,830",22.95,"47,730"
Helpers--Extraction Workers,"7,360",22.59,"46,990"
Helpers--Extraction Workers,"7,360",22.59,"46,990"
Miscellaneous Extraction Workers,"7,120",25.51,"53,050"
"Extraction Workers, All Other","7,120",25.51,"53,050"
"Installation, Maintenance, and Repair Occupations","5,989,460",28.13,"58,500"
"Supervisors of Installation, Maintenance, and Repair Workers","589,880",37.99,"79,020"
"First-Line Supervisors of Mechanics, Installers, and Repairers","589,880",37.99,"79,020"
"First-Line Supervisors of Mechanics, Installers, and Repairers","589,880",37.99,"79,020"
"Electrical and Electronic Equipment Mechanics, Installers, and Repairers","494,550",29.85,"62,090"
"Computer, Automated Teller, and Office Machine Repairers","77,580",23.22,"48,290"
"Computer, Automated Teller, and Office Machine Repairers","77,580",23.22,"48,290"
Radio and Telecommunications Equipment Installers and Repairers,"171,480",30.78,"64,030"
"Radio, Cellular, and Tower Equipment Installers and Repairers","11,810",30.94,"64,360"
"Telecommunications Equipment Installers and Repairers, Except Line Installers","159,670",30.77,"64,010"
"Miscellaneous Electrical and Electronic Equipment Mechanics, Installers, and Repairers","245,480",31.30,"65,100"
Avionics Technicians,"21,280",37.06,"77,080"
"Electric Motor, Power Tool, and Related Repairers","16,010",25.27,"52,550"
"Electrical and Electronics Installers and Repairers, Transportation Equipment","7,920",36.72,"76,380"
"Electrical and Electronics Repairers, Commercial and Industrial Equipment","58,320",33.56,"69,810"
"Electrical and Electronics Repairers, Powerhouse, Substation, and Relay","24,790",44.63,"92,840"
"Electronic Equipment Installers and Repairers, Motor Vehicles","8,900",22.87,"47,570"
Audiovisual Equipment Installers and Repairers,"24,720",25.35,"52,720"
Security and Fire Alarm Systems Installers,"83,540",27.59,"57,400"
"Vehicle and Mobile Equipment Mechanics, Installers, and Repairers","1,708,100",26.81,"55,760"
Aircraft Mechanics and Service Technicians,"137,630",36.66,"76,260"
Aircraft Mechanics and Service Technicians,"137,630",36.66,"76,260"
Automotive Technicians and Repairers,"845,360",25.20,"52,410"
Automotive Body and Related Repairers,"151,910",26.55,"55,220"
Automotive Glass Installers and Repairers,"16,890",22.12,"46,010"
Automotive Service Technicians and Mechanics,"676,570",24.97,"51,940"
Bus and Truck Mechanics and Diesel Engine Specialists,"285,030",28.81,"59,920"
Bus and Truck Mechanics and Diesel Engine Specialists,"285,030",28.81,"59,920"
Heavy Vehicle and Mobile Equipment Service Technicians and Mechanics,"233,590",30.06,"62,520"
Farm Equipment Mechanics and Service Technicians,"36,830",25.06,"52,120"
"Mobile Heavy Equipment Mechanics, Except Engines","177,280",30.93,"64,340"
Rail Car Repairers,"19,480",31.58,"65,690"
Small Engine Mechanics,"73,630",23.11,"48,070"
Motorboat Mechanics and Service Technicians,"23,230",25.30,"52,620"
Motorcycle Mechanics,"14,330",23.06,"47,960"
Outdoor Power Equipment and Other Small Engine Mechanics,"36,080",21.72,"45,180"
"Miscellaneous Vehicle and Mobile Equipment Mechanics, Installers, and Repairers","132,860",18.87,"39,250"
Bicycle Repairers,"13,980",18.92,"39,360"
Recreational Vehicle Service Technicians,"17,360",24.37,"50,690"
Tire Repairers and Changers,"101,520",17.92,"37,280"
"Other Installation, Maintenance, and Repair Occupations","3,196,930",26.74,"55,620"
Control and Valve Installers and Repairers,"75,570",31.12,"64,740"
Mechanical Door Repairers,"27,800",24.83,"51,640"
"Control and Valve Installers and Repairers, Except Mechanical Door","47,780",34.79,"72,360"
"Heating, Air Conditioning, and Refrigeration Mechanics and Installers","397,450",28.66,"59,620"
"Heating, Air Conditioning, and Refrigeration Mechanics and Installers","397,450",28.66,"59,620"
Home Appliance Repairers,"29,950",24.35,"50,640"
Home Appliance Repairers,"29,950",24.35,"50,640"
"Industrial Machinery Installation, Repair, and Maintenance Workers","509,160",30.35,"63,130"
Industrial Machinery Mechanics,"412,650",30.62,"63,690"
"Maintenance Workers, Machinery","58,040",28.13,"58,500"
Millwrights,"37,930",30.92,"64,310"
"Refractory Materials Repairers, Except Brickmasons",540,23.99,"49,900"
Line Installers and Repairers,"219,120",37.64,"78,290"
Electrical Power-Line Installers and Repairers,"120,170",41.30,"85,900"
Telecommunications Line Installers and Repairers,"98,950",33.19,"69,040"
Precision Instrument and Equipment Repairers,"85,320",30.15,"62,700"
Camera and Photographic Equipment Repairers,"2,540",28.30,"58,870"
Medical Equipment Repairers,"64,400",30.84,"64,140"
Musical Instrument Repairers and Tuners,"6,170",22.24,"46,250"
Watch and Clock Repairers,"1,880",26.99,"56,140"
"Precision Instrument and Equipment Repairers, All Other","10,330",31.59,"65,710"
"Maintenance and Repair Workers, General","1,503,150",23.87,"49,650"
"Maintenance and Repair Workers, General","1,503,150",23.87,"49,650"
Wind Turbine Service Technicians,"9,800",31.43,"65,380"
Wind Turbine Service Technicians,"9,800",31.43,"65,380"
"Miscellaneous Installation, Maintenance, and Repair Workers","367,420",23.30,"48,470"
"Coin, Vending, and Amusement Machine Servicers and Repairers","36,100",22.04,"45,840"
Commercial Divers,"2,790",36.33,"75,570"
Locksmiths and Safe Repairers,"14,790",25.06,"52,130"
Manufactured Building and Mobile Home Installers,"2,910",19.14,"39,820"
Riggers,"23,870",29.82,"62,020"
Signal and Track Switch Repairers,"9,200",39.33,"81,810"
"Helpers--Installation, Maintenance, and Repair Workers","101,890",18.61,"38,720"
"Installation, Maintenance, and Repair Workers, All Other","175,860",24.27,"50,480"
Production Occupations,"8,770,170",22.90,"47,620"
Supervisors of Production Workers,"671,160",34.48,"71,730"
First-Line Supervisors of Production and Operating Workers,"671,160",34.48,"71,730"
First-Line Supervisors of Production and Operating Workers,"671,160",34.48,"71,730"
Assemblers and Fabricators,"1,924,970",20.90,"43,470"
"Aircraft Structure, Surfaces, Rigging, and Systems Assemblers","29,810",30.22,"62,860"
"Aircraft Structure, Surfaces, Rigging, and Systems Assemblers","29,810",30.22,"62,860"
"Electrical, Electronics, and Electromechanical Assemblers","279,340",21.07,"43,830"
"Coil Winders, Tapers, and Finishers","11,900",22.13,"46,020"
"Electrical, Electronic, and Electromechanical Assemblers, Except Coil Winders, Tapers, and Finishers","267,440",21.03,"43,740"
Engine and Other Machine Assemblers,"47,960",25.71,"53,470"
Engine and Other Machine Assemblers,"47,960",25.71,"53,470"
Structural Metal Fabricators and Fitters,"57,810",24.35,"50,640"
Structural Metal Fabricators and Fitters,"57,810",24.35,"50,640"
Fiberglass Laminators and Fabricators,"20,380",21.12,"43,920"
Fiberglass Laminators and Fabricators,"20,380",21.12,"43,920"
Timing Device Assemblers and Adjusters,400,25.41,"52,840"
Timing Device Assemblers and Adjusters,400,25.41,"52,840"
Miscellaneous Assemblers and Fabricators,"1,489,280",20.39,"42,400"
Miscellaneous Assemblers and Fabricators,"1,489,280",20.39,"42,400"
Food Processing Workers,"848,630",18.37,"38,220"
Bakers,"220,230",17.09,"35,550"
Bakers,"220,230",17.09,"35,550"
"Butchers and Other Meat, Poultry, and Fish Processing Workers","345,940",18.44,"38,350"
Butchers and Meat Cutters,"136,330",19.08,"39,680"
"Meat, Poultry, and Fish Cutters and Trimmers","138,300",17.71,"36,840"
Slaughterers and Meat Packers,"71,310",18.61,"38,710"
Miscellaneous Food Processing Workers,"282,460",19.30,"40,140"
"Food and Tobacco Roasting, Baking, and Drying Machine Operators and Tenders","19,570",20.39,"42,410"
Food Batchmakers,"169,190",19.66,"40,890"
Food Cooking Machine Operators and Tenders,"29,730",19.12,"39,770"
"Food Processing Workers, All Other","63,970",18.09,"37,630"
Metal Workers and Plastic Workers,"1,605,180",23.73,"49,350"
"Forming Machine Setters, Operators, and Tenders, Metal and Plastic","97,290",22.40,"46,600"
"Extruding and Drawing Machine Setters, Operators, and Tenders, Metal and Plastic","63,370",21.85,"45,440"
"Forging Machine Setters, Operators, and Tenders, Metal and Plastic","9,170",22.76,"47,350"
"Rolling Machine Setters, Operators, and Tenders, Metal and Plastic","24,750",23.70,"49,290"
"Machine Tool Cutting Setters, Operators, and Tenders, Metal and Plastic","293,770",21.61,"44,950"
"Cutting, Punching, and Press Machine Setters, Operators, and Tenders, Metal and Plastic","179,230",21.28,"44,260"
"Drilling and Boring Machine Tool Setters, Operators, and Tenders, Metal and Plastic","5,740",22.83,"47,490"
"Grinding, Lapping, Polishing, and Buffing Machine Tool Setters, Operators, and Tenders, Metal and Plastic","75,260",21.37,"44,450"
"Lathe and Turning Machine Tool Setters, Operators, and Tenders, Metal and Plastic","19,560",23.48,"48,850"
"Milling and Planing Machine Setters, Operators, and Tenders, Metal and Plastic","13,990",24.05,"50,020"
Machinists,"290,720",26.25,"54,600"
Machinists,"290,720",26.25,"54,600"
"Metal Furnace Operators, Tenders, Pourers, and Casters","26,340",25.70,"53,460"
Metal-Refining Furnace Operators and Tenders,"20,870",26.13,"54,340"
"Pourers and Casters, Metal","5,460",24.09,"50,110"
"Model Makers and Patternmakers, Metal and Plastic","4,990",29.06,"60,450"
"Model Makers, Metal and Plastic","2,840",31.21,"64,920"
"Patternmakers, Metal and Plastic","2,150",26.22,"54,550"
"Molders and Molding Machine Setters, Operators, and Tenders, Metal and Plastic","170,760",20.32,"42,270"
Foundry Mold and Coremakers,"11,780",21.70,"45,130"
"Molding, Coremaking, and Casting Machine Setters, Operators, and Tenders, Metal and Plastic","158,980",20.22,"42,060"
"Multiple Machine Tool Setters, Operators, and Tenders, Metal and Plastic","127,790",21.15,"43,990"
"Multiple Machine Tool Setters, Operators, and Tenders, Metal and Plastic","127,790",21.15,"43,990"
Tool and Die Makers,"58,150",29.82,"62,020"
Tool and Die Makers,"58,150",29.82,"62,020"
"Welding, Soldering, and Brazing Workers","454,760",25.12,"52,240"
"Welders, Cutters, Solderers, and Brazers","421,730",25.31,"52,640"
"Welding, Soldering, and Brazing Machine Setters, Operators, and Tenders","33,020",22.65,"47,120"
Miscellaneous Metal Workers and Plastic Workers,"80,600",22.02,"45,800"
"Heat Treating Equipment Setters, Operators, and Tenders, Metal and Plastic","14,950",22.38,"46,540"
"Layout Workers, Metal and Plastic","6,660",28.90,"60,110"
"Plating Machine Setters, Operators, and Tenders, Metal and Plastic","31,970",20.46,"42,550"
"Tool Grinders, Filers, and Sharpeners","6,660",23.33,"48,520"
"Metal Workers and Plastic Workers, All Other","20,370",21.53,"44,780"
Printing Workers,"213,920",21.17,"44,030"
Printing Workers,"213,920",21.17,"44,030"
Prepress Technicians and Workers,"23,590",22.38,"46,540"
Printing Press Operators,"151,450",21.37,"44,450"
Print Binding and Finishing Workers,"38,880",19.64,"40,860"
"Textile, Apparel, and Furnishings Workers","473,970",16.93,"35,210"
Laundry and Dry-Cleaning Workers,"185,000",15.33,"31,880"
Laundry and Dry-Cleaning Workers,"185,000",15.33,"31,880"
"Pressers, Textile, Garment, and Related Materials","28,700",15.55,"32,340"
"Pressers, Textile, Garment, and Related Materials","28,700",15.55,"32,340"
Sewing Machine Operators,"116,130",16.83,"35,000"
Sewing Machine Operators,"116,130",16.83,"35,000"
Shoe and Leather Workers,"11,850",17.72,"36,850"
Shoe and Leather Workers and Repairers,"7,230",17.80,"37,030"
Shoe Machine Operators and Tenders,"4,630",17.58,"36,570"
"Tailors, Dressmakers, and Sewers","18,340",18.76,"39,020"
"Sewers, Hand","3,390",16.28,"33,860"
"Tailors, Dressmakers, and Custom Sewers","14,950",19.32,"40,190"
"Textile Machine Setters, Operators, and Tenders","55,950",17.96,"37,370"
Textile Bleaching and Dyeing Machine Operators and Tenders,"6,650",18.06,"37,570"
"Textile Cutting Machine Setters, Operators, and Tenders","9,760",17.81,"37,040"
"Textile Knitting and Weaving Machine Setters, Operators, and Tenders","15,980",18.21,"37,880"
"Textile Winding, Twisting, and Drawing Out Machine Setters, Operators, and Tenders","23,550",17.84,"37,100"
"Miscellaneous Textile, Apparel, and Furnishings Workers","58,010",21.17,"44,020"
"Extruding and Forming Machine Setters, Operators, and Tenders, Synthetic and Glass Fibers","14,520",21.77,"45,270"
Fabric and Apparel Patternmakers,"2,670",32.09,"66,750"
Upholsterers,"25,740",21.55,"44,820"
"Textile, Apparel, and Furnishings Workers, All Other","15,080",18.00,"37,430"
Woodworkers,"216,330",20.30,"42,210"
Cabinetmakers and Bench Carpenters,"88,460",21.45,"44,620"
Cabinetmakers and Bench Carpenters,"88,460",21.45,"44,620"
Furniture Finishers,"14,380",20.43,"42,490"
Furniture Finishers,"14,380",20.43,"42,490"
"Model Makers and Patternmakers, Wood",850,25.22,"52,460"
"Model Makers, Wood",590,25.25,"52,510"
"Patternmakers, Wood",260,25.16,"52,330"
"Woodworking Machine Setters, Operators, and Tenders","104,820",19.36,"40,260"
"Sawing Machine Setters, Operators, and Tenders, Wood","43,570",19.29,"40,120"
"Woodworking Machine Setters, Operators, and Tenders, Except Sawing","61,250",19.40,"40,360"
Miscellaneous Woodworkers,"7,830",19.00,"39,520"
"Woodworkers, All Other","7,830",19.00,"39,520"
Plant and System Operators,"283,480",35.00,"72,810"
"Power Plant Operators, Distributors, and Dispatchers","46,300",47.21,"98,190"
Nuclear Power Reactor Operators,"5,760",58.29,"121,240"
Power Distributors and Dispatchers,"9,040",50.70,"105,460"
Power Plant Operators,"31,490",44.17,"91,880"
Stationary Engineers and Boiler Operators,"33,840",35.18,"73,170"
Stationary Engineers and Boiler Operators,"33,840",35.18,"73,170"
Water and Wastewater Treatment Plant and System Operators,"120,710",27.91,"58,050"
Water and Wastewater Treatment Plant and System Operators,"120,710",27.91,"58,050"
Miscellaneous Plant and System Operators,"82,630",38.46,"80,000"
Chemical Plant and System Operators,"17,980",38.20,"79,450"
Gas Plant Operators,"15,930",39.91,"83,020"
"Petroleum Pump System Operators, Refinery Operators, and Gaugers","33,360",42.36,"88,120"
"Plant and System Operators, All Other","15,370",28.80,"59,890"
Other Production Occupations,"2,532,530",22.46,"46,710"
"Chemical Processing Machine Setters, Operators, and Tenders","173,420",26.78,"55,700"
Chemical Equipment Operators and Tenders,"120,260",27.57,"57,350"
"Separating, Filtering, Clarifying, Precipitating, and Still Machine Setters, Operators, and Tenders","53,170",24.98,"51,960"
"Crushing, Grinding, Polishing, Mixing, and Blending Workers","144,230",22.65,"47,120"
"Crushing, Grinding, and Polishing Machine Setters, Operators, and Tenders","26,210",22.31,"46,390"
"Grinding and Polishing Workers, Hand","12,290",19.95,"41,490"
"Mixing and Blending Machine Setters, Operators, and Tenders","105,740",23.05,"47,950"
Cutting Workers,"59,950",21.18,"44,050"
"Cutters and Trimmers, Hand","7,220",18.88,"39,260"
"Cutting and Slicing Machine Setters, Operators, and Tenders","52,720",21.49,"44,700"
"Extruding, Forming, Pressing, and Compacting Machine Setters, Operators, and Tenders","57,080",21.45,"44,610"
"Extruding, Forming, Pressing, and Compacting Machine Setters, Operators, and Tenders","57,080",21.45,"44,610"
"Furnace, Kiln, Oven, Drier, and Kettle Operators and Tenders","14,820",22.86,"47,540"
"Furnace, Kiln, Oven, Drier, and Kettle Operators and Tenders","14,820",22.86,"47,540"
"Inspectors, Testers, Sorters, Samplers, and Weighers","584,630",23.68,"49,260"
"Inspectors, Testers, Sorters, Samplers, and Weighers","584,630",23.68,"49,260"
Jewelers and Precious Stone and Metal Workers,"24,060",25.00,"52,000"
Jewelers and Precious Stone and Metal Workers,"24,060",25.00,"52,000"
Dental and Ophthalmic Laboratory Technicians and Medical Appliance Technicians,"64,970",23.36,"48,590"
Dental Laboratory Technicians,"34,190",25.19,"52,390"
Medical Appliance Technicians,"12,550",23.49,"48,860"
Ophthalmic Laboratory Technicians,"18,240",19.85,"41,280"
Packaging and Filling Machine Operators and Tenders,"371,600",19.81,"41,200"
Packaging and Filling Machine Operators and Tenders,"371,600",19.81,"41,200"
Painting Workers,"166,570",23.17,"48,200"
"Painting, Coating, and Decorating Workers","10,700",21.18,"44,050"
"Coating, Painting, and Spraying Machine Setters, Operators, and Tenders","155,880",23.31,"48,480"
Semiconductor Processing Technicians,"26,450",23.54,"48,970"
Semiconductor Processing Technicians,"26,450",23.54,"48,970"
Photographic Process Workers and Processing Machine Operators,"5,770",20.14,"41,900"
Photographic Process Workers and Processing Machine Operators,"5,770",20.14,"41,900"
Computer Numerically Controlled Tool Operators and Programmers,"215,710",25.58,"53,200"
Computer Numerically Controlled Tool Operators,"187,670",24.54,"51,030"
Computer Numerically Controlled Tool Programmers,"28,030",32.52,"67,650"
Miscellaneous Production Workers,"623,280",20.36,"42,360"
Adhesive Bonding Machine Operators and Tenders,"12,510",21.35,"44,400"
"Cleaning, Washing, and Metal Pickling Equipment Operators and Tenders","15,210",19.95,"41,500"
Cooling and Freezing Equipment Operators and Tenders,"6,500",21.56,"44,840"
Etchers and Engravers,"8,140",20.57,"42,780"
"Molders, Shapers, and Casters, Except Metal and Plastic","38,480",21.50,"44,710"
"Paper Goods Machine Setters, Operators, and Tenders","96,460",23.52,"48,910"
Tire Builders,"20,660",25.93,"53,930"
Helpers--Production Workers,"181,810",18.35,"38,160"
"Production Workers, All Other","243,500",19.90,"41,400"
Transportation and Material Moving Occupations,"13,752,760",22.45,"46,690"
Supervisors of Transportation and Material Moving Workers,"603,350",30.70,"63,860"
First-Line Supervisors of Transportation and Material Moving Workers,"603,350",30.70,"63,860"
Aircraft Cargo Handling Supervisors,"9,020",31.23,"64,950"
"First-Line Supervisors of Transportation and Material Moving Workers, Except Aircraft Cargo Handling Supervisors","594,330",30.69,"63,840"
Air Transportation Workers,"313,070",*,"140,030"
Aircraft Pilots and Flight Engineers,"146,420",*,"209,680"
"Airline Pilots, Copilots, and Flight Engineers","93,670",*,"250,050"
Commercial Pilots,"52,750",*,"138,010"
Air Traffic Controllers and Airfield Operations Specialists,"40,630",49.59,"103,140"
Air Traffic Controllers,"22,310",65.77,"136,790"
Airfield Operations Specialists,"18,320",29.88,"62,140"
Flight Attendants,"126,020",*,"70,980"
Flight Attendants,"126,020",*,"70,980"
Motor Vehicle Operators,"4,353,340",23.96,"49,830"
"Ambulance Drivers and Attendants, Except Emergency Medical Technicians","11,520",16.55,"34,420"
"Ambulance Drivers and Attendants, Except Emergency Medical Technicians","11,520",16.55,"34,420"
Driver/Sales Workers and Truck Drivers,"3,511,470",24.43,"50,810"
Driver/Sales Workers,"463,120",18.38,"38,230"
Heavy and Tractor-Trailer Truck Drivers,"2,044,400",26.92,"55,990"
Light Truck Drivers,"1,003,960",22.16,"46,090"
Passenger Vehicle Drivers,"779,210",22.25,"46,280"
"Bus Drivers, School","371,530",21.74,"45,210"
"Bus Drivers, Transit and Intercity","184,990",28.78,"59,860"
Shuttle Drivers and Chauffeurs,"204,930",17.75,"36,920"
Taxi Drivers,"17,770",16.88,"35,120"
Miscellaneous Motor Vehicle Operators,"51,140",19.22,"39,970"
"Motor Vehicle Operators, All Other","51,140",19.22,"39,970"
Rail Transportation Workers,"111,600",34.69,"72,150"
Locomotive Engineers and Operators,"34,820",35.86,"74,600"
Locomotive Engineers,"32,390",36.48,"75,870"
"Rail Yard Engineers, Dinkey Operators, and Hostlers","2,430",27.69,"57,580"
"Railroad Brake, Signal, and Switch Operators and Locomotive Firers","13,610",30.21,"62,840"
"Railroad Brake, Signal, and Switch Operators and Locomotive Firers","13,610",30.21,"62,840"
Railroad Conductors and Yardmasters,"46,490",34.72,"72,220"
Railroad Conductors and Yardmasters,"46,490",34.72,"72,220"
Subway and Streetcar Operators,"14,860",37.20,"77,370"
Subway and Streetcar Operators,"14,860",37.20,"77,370"
Miscellaneous Rail Transportation Workers,"1,830",24.39,"50,730"
"Rail Transportation Workers, All Other","1,830",24.39,"50,730"
Water Transportation Workers,"76,040",38.00,"79,030"
Sailors and Marine Oilers,"29,960",25.71,"53,470"
Sailors and Marine Oilers,"29,960",25.71,"53,470"
Ship and Boat Captains and Operators,"37,220",45.42,"94,480"
"Captains, Mates, and Pilots of Water Vessels","34,520",47.03,"97,820"
Motorboat Operators,"2,710",24.91,"51,810"
Ship Engineers,"8,860",48.34,"100,550"
Ship Engineers,"8,860",48.34,"100,550"
Other Transportation Workers,"305,390",19.28,"40,110"
Bridge and Lock Tenders,"3,460",24.07,"50,070"
Bridge and Lock Tenders,"3,460",24.07,"50,070"
Parking Attendants,"118,130",15.72,"32,700"
Parking Attendants,"118,130",15.72,"32,700"
Transportation Service Attendants,"117,460",17.37,"36,140"
Automotive and Watercraft Service Attendants,"92,530",16.60,"34,530"
Aircraft Service Attendants,"24,940",20.25,"42,110"
Traffic Technicians,"7,530",27.25,"56,680"
Traffic Technicians,"7,530",27.25,"56,680"
Transportation Inspectors,"27,670",40.35,"83,920"
Transportation Inspectors,"27,670",40.35,"83,920"
Passenger Attendants,"20,190",17.68,"36,780"
Passenger Attendants,"20,190",17.68,"36,780"
Miscellaneous Transportation Workers,"10,940",20.93,"43,530"
"Transportation Workers, All Other","10,940",20.93,"43,530"
Material Moving Workers,"7,989,980",19.05,"39,620"
Conveyor Operators and Tenders,"24,660",20.63,"42,900"
Conveyor Operators and Tenders,"24,660",20.63,"42,900"
Crane and Tower Operators,"42,260",32.71,"68,040"
Crane and Tower Operators,"42,260",32.71,"68,040"
Dredge Operators,940,25.82,"53,700"
Dredge Operators,940,25.82,"53,700"
Hoist and Winch Operators,"2,230",31.64,"65,810"
Hoist and Winch Operators,"2,230",31.64,"65,810"
Industrial Truck and Tractor Operators,"778,920",21.98,"45,720"
Industrial Truck and Tractor Operators,"778,920",21.98,"45,720"
Laborers and Material Movers,"6,935,980",18.46,"38,400"
Cleaners of Vehicles and Equipment,"365,290",16.95,"35,250"
"Laborers and Freight, Stock, and Material Movers, Hand","3,008,300",19.12,"39,760"
Machine Feeders and Offbearers,"44,500",19.71,"41,000"
"Packers and Packagers, Hand","645,210",17.05,"35,450"
Stockers and Order Fillers,"2,872,680",18.27,"37,990"
Pumping Station Operators,"34,200",31.41,"65,320"
Gas Compressor and Gas Pumping Station Operators,"4,400",30.68,"63,810"
"Pump Operators, Except Wellhead Pumpers","11,570",28.20,"58,650"
Wellhead Pumpers,"18,230",33.62,"69,930"
Refuse and Recyclable Material Collectors,"135,430",22.99,"47,810"
Refuse and Recyclable Material Collectors,"135,430",22.99,"47,810"
"Tank Car, Truck, and Ship Loaders","11,400",29.10,"60,530"
"Tank Car, Truck, and Ship Loaders","11,400",29.10,"60,530"
Miscellaneous Material Moving Workers,"23,970",22.04,"45,840"
"Material Moving Workers, All Other","23,970",22.04,"45,840"
